process_code,display_name,calculation_type,unit_price,unit,charge_scope,aliases
LASER_CUT,レーザー切断,per_mm,3,mm,per_part,
PIERCE,ピアス加工,per_hole,80,hole,per_part,
BEND,曲げ加工,per_bend,500,bend,per_part,
SETUP,段取り,flat,3000,job,per_order,
COUNTERSINK,皿穴加工,per_hole,600,hole,per_part,皿もみ|皿穴|countersink|CSK
POLISH,研磨,flat,2500,part,per_part,研磨|磨き
BUFF_400,#400バフ仕上げ,flat,3500,part,per_part,#400|400番バフ|バフ400|400番
BUFF_MIRROR,鏡面バフ仕上げ,flat,6000,part,per_part,鏡面|鏡面磨き|ミラーバフ
SURFACE_TREATMENT,表面処理,flat,5000,part,per_part,表面処理
TAP_M3,M3タップ,per_hole,60,hole,per_part,M3タップ|M3 TAP|M3x0.5 TAP
TAP_M4,M4タップ,per_hole,80,hole,per_part,M4タップ|M4 TAP|M4x0.7 TAP
TAP_M5,M5タップ,per_hole,90,hole,per_part,M5タップ|M5 TAP|M5x0.8 TAP
TAP_M6,M6タップ,per_hole,110,hole,per_part,M6タップ|M6 TAP|M6x1.0 TAP
TAP_M8,M8タップ,per_hole,150,hole,per_part,M8タップ|M8 TAP|M8x1.25 TAP
PRESS_NUT,圧入ナット,per_piece,120,piece,per_part,圧入ナット|PEMナット|クリンチナット|セルフクリンチングナット|PEM NUT|SELF-CLINCHING NUT
PRESS_STUD,圧入スタッド,per_piece,150,piece,per_part,圧入スタッド|PEMスタッド|クリンチスタッド|PEM STUD|SELF-CLINCHING STUD
SPOT_WELD,スポット溶接,per_point,50,point,per_part,スポット溶接|SPOT WELD
TIG_WELD,TIG溶接,per_location,800,location,per_part,TIG溶接|TIG WELD
